LEVEL3_NAM,area_code_l3,LEVEL2_COD,LEVEL1_COD,total,n_assessed,pc_assessed,n_ass_threat,pc_ass_threat,n_pred_threat,pc_threat_pred,n_endemic,pc_endemic,n_endem_assessed,pc_endem_assessed,n_endem_ass_threat,pc_endem_ass_threat,n_endem_pred_threat,pc_endem_threat_pred,island,no.sp
Alberta,ABT,71,7,30,9,0.3,2,0.2222222222222222,2,0.06666666666666667,NA,0,0,NA,0,NA,2,NA,FALSE,FALSE
Afghanistan,AFG,34,3,18,4,0.2222222222222222,1,0.25,2,0.1111111111111111,NA,0,0,NA,0,NA,2,NA,FALSE,FALSE
Argentina Northeast,AGE,85,8,187,7,0.0374331550802139,0,0,28,0.1497326203208556,7,0.0374331550802139,0,0,0,NA,28,1,FALSE,FALSE
Argentina South,AGS,85,8,26,0,0,0,NA,5,0.19230769230769232,NA,0,0,NA,0,NA,5,NA,FALSE,FALSE
Argentina Northwest,AGW,85,8,106,5,0.04716981132075472,0,0,15,0.14150943396226415,11,0.10377358490566038,0,0,0,NA,15,0.8181818181818182,FALSE,FALSE
Alabama,ALA,78,7,53,13,0.24528301886792453,3,0.23076923076923078,3,0.05660377358490566,NA,0,0,NA,0,NA,3,NA,FALSE,FALSE
Albania,ALB,13,1,65,10,0.15384615384615385,0,0,0,0,NA,0,0,NA,0,NA,0,NA,FALSE,FALSE
Aldabra,ALD,29,2,3,1,0.3333333333333333,1,1,1,0.3333333333333333,NA,0,0,NA,0,NA,1,NA,TRUE,FALSE
Algeria,ALG,20,2,53,7,0.1320754716981132,0,0,1,0.018867924528301886,1,0.018867924528301886,0,0,0,NA,1,1,FALSE,FALSE
Altay,ALT,30,3,29,6,0.20689655172413793,0,0,0,0,NA,0,0,NA,0,NA,0,NA,FALSE,FALSE
Aleutian Is.,ALU,70,7,17,6,0.35294117647058826,0,0,0,0,NA,0,0,NA,0,NA,0,NA,FALSE,FALSE
Amur,AMU,31,3,28,6,0.21428571428571427,0,0,0,0,NA,0,0,NA,0,NA,0,NA,FALSE,FALSE
Andaman Is.,AND,41,4,129,6,0.046511627906976744,2,0.3333333333333333,22,0.17054263565891473,16,0.12403100775193798,1,0.0625,1,1,22,1,TRUE,FALSE
Angola,ANG,26,2,242,19,0.07851239669421488,5,0.2631578947368421,25,0.10330578512396695,20,0.08264462809917356,0,0,0,NA,25,0.25,FALSE,FALSE
Arizona,ARI,76,7,27,7,0.25925925925925924,2,0.2857142857142857,2,0.07407407407407407,2,0.07407407407407407,1,0.5,1,1,2,0.5,FALSE,FALSE
Arkansas,ARK,78,7,38,6,0.15789473684210525,1,0.16666666666666666,2,0.05263157894736842,NA,0,0,NA,0,NA,2,NA,FALSE,FALSE
Aruba,ARU,81,8,2,0,0,0,NA,0,0,NA,0,0,NA,0,NA,0,NA,TRUE,FALSE
Ascension,ASC,28,2,0,0,NA,0,NA,0,NA,NA,NA,0,NA,0,NA,0,NA,TRUE,TRUE
Alaska,ASK,70,7,30,10,0.3333333333333333,2,0.2,2,0.06666666666666667,NA,0,0,NA,0,NA,2,NA,FALSE,FALSE
Amsterdam-St.Paul Is.,ASP,90,9,0,0,NA,0,NA,0,NA,NA,NA,0,NA,0,NA,0,NA,TRUE,TRUE
Assam,ASS,40,4,719,34,0.04728789986091794,16,0.47058823529411764,118,0.16411682892906815,39,0.054242002781641166,1,0.02564102564102564,1,1,118,0.8461538461538461,FALSE,FALSE
Antipodean Is.,ATP,51,5,16,2,0.125,0,0,1,0.0625,NA,0,0,NA,0,NA,1,NA,TRUE,FALSE
Austria,AUT,11,1,75,21,0.28,5,0.23809523809523808,7,0.09333333333333334,3,0.04,0,0,0,NA,7,0.3333333333333333,FALSE,FALSE
Azores,AZO,21,2,5,1,0.2,1,1,2,0.4,3,0.6,1,0.3333333333333333,1,1,2,0.6666666666666666,TRUE,FALSE
Bahamas,BAH,81,8,59,9,0.15254237288135594,3,0.3333333333333333,12,0.2033898305084746,4,0.06779661016949153,0,0,0,NA,12,1,FALSE,FALSE
Baleares,BAL,12,1,41,4,0.0975609756097561,0,0,0,0,NA,0,0,NA,0,NA,0,NA,TRUE,FALSE
Bangladesh,BAN,40,4,274,16,0.058394160583941604,9,0.5625,16,0.058394160583941604,NA,0,0,NA,0,NA,16,NA,FALSE,FALSE
Benin,BEN,22,2,50,6,0.12,2,0.3333333333333333,2,0.04,NA,0,0,NA,0,NA,2,NA,FALSE,FALSE
Bermuda,BER,81,8,2,2,1,0,0,0,0,NA,0,0,NA,0,NA,0,NA,TRUE,FALSE
Belgium,BGM,11,1,53,13,0.24528301886792453,0,0,0,0,NA,0,0,NA,0,NA,0,NA,FALSE,FALSE
Bismarck Archipelago,BIS,43,4,261,52,0.19923371647509577,10,0.19230769230769232,27,0.10344827586206896,53,0.20306513409961685,12,0.22641509433962265,6,0.5,27,0.4339622641509434,FALSE,FALSE
Burkina,BKN,22,2,27,2,0.07407407407407407,0,0,0,0,NA,0,0,NA,0,NA,0,NA,FALSE,FALSE
Belarus,BLR,14,1,39,11,0.28205128205128205,0,0,0,0,NA,0,0,NA,0,NA,0,NA,FALSE,FALSE
Baltic States,BLT,14,1,38,9,0.23684210526315788,0,0,0,0,NA,0,0,NA,0,NA,0,NA,FALSE,FALSE
Belize,BLZ,80,8,309,18,0.05825242718446602,5,0.2777777777777778,24,0.07766990291262135,3,0.009708737864077669,0,0,0,NA,24,1,FALSE,FALSE
Bolivia,BOL,83,8,1432,41,0.02863128491620112,6,0.14634146341463414,530,0.37011173184357543,552,0.3854748603351955,8,0.014492753623188406,3,0.375,530,0.8478260869565217,FALSE,FALSE
Borneo,BOR,42,4,1725,61,0.03536231884057971,28,0.45901639344262296,683,0.39594202898550723,928,0.5379710144927536,27,0.029094827586206896,19,0.7037037037037037,683,0.6724137931034483,FALSE,FALSE
Botswana,BOT,27,2,26,3,0.11538461538461539,1,0.3333333333333333,1,0.038461538461538464,NA,0,0,NA,0,NA,1,NA,FALSE,FALSE
Bouvet I.,BOU,90,9,0,0,NA,0,NA,0,NA,NA,NA,0,NA,0,NA,0,NA,TRUE,TRUE
British Columbia,BRC,71,7,35,9,0.2571428571428571,2,0.2222222222222222,2,0.05714285714285714,NA,0,0,NA,0,NA,2,NA,FALSE,FALSE
Buryatiya,BRY,30,3,27,5,0.18518518518518517,0,0,0,0,NA,0,0,NA,0,NA,0,NA,FALSE,FALSE
Bulgaria,BUL,13,1,62,14,0.22580645161290322,2,0.14285714285714285,2,0.03225806451612903,NA,0,0,NA,0,NA,2,NA,FALSE,FALSE
Burundi,BUR,23,2,206,42,0.20388349514563106,18,0.42857142857142855,30,0.14563106796116504,5,0.024271844660194174,4,0.8,2,0.5,30,1,FALSE,FALSE
Brazil West-Central,BZC,84,8,444,20,0.04504504504504504,3,0.15,104,0.23423423423423423,75,0.16891891891891891,1,0.013333333333333334,1,1,104,0.9466666666666667,FALSE,FALSE
Brazil Northeast,BZE,84,8,603,18,0.029850746268656716,7,0.3888888888888889,133,0.22056384742951907,135,0.22388059701492538,2,0.014814814814814815,2,1,133,0.8444444444444444,FALSE,FALSE
Brazil Southeast,BZL,84,8,1606,45,0.028019925280199254,7,0.15555555555555556,545,0.3393524283935243,789,0.4912826899128269,17,0.021546261089987327,4,0.23529411764705882,545,0.6489226869455006,FALSE,FALSE
Brazil North,BZN,84,8,860,39,0.04534883720930233,10,0.2564102564102564,109,0.12674418604651164,159,0.18488372093023256,1,0.006289308176100629,0,0,109,0.5471698113207547,FALSE,FALSE
Brazil South,BZS,84,8,748,23,0.03074866310160428,2,0.08695652173913043,145,0.19385026737967914,151,0.2018716577540107,2,0.013245033112582781,1,0.5,145,0.7947019867549668,FALSE,FALSE
Cabinda,CAB,23,2,6,0,0,0,NA,1,0.16666666666666666,NA,0,0,NA,0,NA,1,NA,TRUE,FALSE
Central African Republic,CAF,23,2,183,14,0.07650273224043716,4,0.2857142857142857,19,0.10382513661202186,11,0.060109289617486336,0,0,0,NA,19,0.7272727272727273,FALSE,FALSE
California,CAL,76,7,36,10,0.2777777777777778,5,0.5,9,0.25,5,0.1388888888888889,2,0.4,2,1,9,1,FALSE,FALSE
Cayman Is.,CAY,81,8,32,8,0.25,4,0.5,7,0.21875,2,0.0625,2,1,2,1,7,1,TRUE,FALSE
Cambodia,CBD,41,4,317,13,0.04100946372239748,4,0.3076923076923077,41,0.12933753943217666,7,0.022082018927444796,0,0,0,NA,41,1,FALSE,FALSE
Chagos Archipelago,CGS,29,2,1,1,1,1,1,1,1,NA,0,0,NA,0,NA,1,NA,TRUE,FALSE
Chad,CHA,24,2,26,3,0.11538461538461539,1,0.3333333333333333,1,0.038461538461538464,NA,0,0,NA,0,NA,1,NA,FALSE,FALSE
China South-Central,CHC,36,3,1182,122,0.10321489001692047,101,0.8278688524590164,469,0.39678510998307953,272,0.23011844331641285,26,0.09558823529411764,25,0.9615384615384616,469,0.8382352941176471,FALSE,FALSE
Hainan,CHH,36,3,239,14,0.058577405857740586,7,0.5,51,0.21338912133891214,24,0.100418410041841,3,0.125,2,0.6666666666666666,51,0.9583333333333334,FALSE,FALSE
Inner Mongolia,CHI,36,3,29,6,0.20689655172413793,2,0.3333333333333333,2,0.06896551724137931,1,0.034482758620689655,0,0,0,NA,2,0,FALSE,FALSE
Manchuria,CHM,36,3,42,8,0.19047619047619047,3,0.375,3,0.07142857142857142,NA,0,0,NA,0,NA,3,NA,FALSE,FALSE
China North-Central,CHN,36,3,119,28,0.23529411764705882,21,0.75,30,0.25210084033613445,7,0.058823529411764705,1,0.14285714285714285,1,1,30,0.42857142857142855,FALSE,FALSE
Qinghai,CHQ,36,3,31,4,0.12903225806451613,2,0.5,3,0.0967741935483871,1,0.03225806451612903,0,0,0,NA,3,0,FALSE,FALSE
China Southeast,CHS,36,3,508,45,0.08858267716535433,34,0.7555555555555555,159,0.31299212598425197,74,0.14566929133858267,4,0.05405405405405406,4,1,159,0.8513513513513513,FALSE,FALSE
Tibet,CHT,36,3,355,39,0.10985915492957747,25,0.6410256410256411,66,0.18591549295774648,29,0.08169014084507042,3,0.10344827586206896,3,1,66,0.5172413793103449,FALSE,FALSE
Xinjiang,CHX,36,3,15,2,0.13333333333333333,1,0.5,1,0.06666666666666667,NA,0,0,NA,0,NA,1,NA,FALSE,FALSE
Cocos (Keeling) I.,CKI,42,4,0,0,NA,0,NA,0,NA,NA,NA,0,NA,0,NA,0,NA,TRUE,TRUE
Chile Central,CLC,85,8,49,0,0,0,NA,16,0.32653061224489793,15,0.30612244897959184,0,0,0,NA,16,1,FALSE,FALSE
Colombia,CLM,83,8,4409,162,0.03674302562939442,58,0.35802469135802467,2234,0.5066908596053527,2195,0.4978453163982762,81,0.03690205011389522,44,0.5432098765432098,2234,0.8145785876993167,FALSE,FALSE
Chile North,CLN,85,8,3,1,0.3333333333333333,0,0,1,0.3333333333333333,1,0.3333333333333333,0,0,0,NA,1,0,FALSE,FALSE
Chile South,CLS,85,8,35,0,0,0,NA,6,0.17142857142857143,2,0.05714285714285714,0,0,0,NA,6,1,FALSE,FALSE
Cameroon,CMN,23,2,435,103,0.2367816091954023,70,0.6796116504854369,127,0.29195402298850576,38,0.08735632183908046,28,0.7368421052631579,25,0.8928571428571429,127,1,FALSE,FALSE
Connecticut,CNT,75,7,46,14,0.30434782608695654,2,0.14285714285714285,2,0.043478260869565216,NA,0,0,NA,0,NA,2,NA,FALSE,FALSE
Canary Is.,CNY,21,2,8,2,0.25,1,0.5,3,0.375,3,0.375,2,0.6666666666666666,1,0.5,3,1,TRUE,FALSE
Colorado,COL,73,7,27,8,0.2962962962962963,1,0.125,1,0.037037037037037035,NA,0,0,NA,0,NA,1,NA,FALSE,FALSE
Comoros,COM,29,2,112,5,0.044642857142857144,2,0.4,44,0.39285714285714285,27,0.24107142857142858,1,0.037037037037037035,1,1,44,1,TRUE,FALSE
Congo,CON,23,2,186,27,0.14516129032258066,13,0.48148148148148145,21,0.11290322580645161,4,0.021505376344086023,2,0.5,0,0,21,1,FALSE,FALSE
Cook Is.,COO,61,6,17,2,0.11764705882352941,1,0.5,2,0.11764705882352941,1,0.058823529411764705,0,0,0,NA,2,1,TRUE,FALSE
Corse,COR,12,1,56,10,0.17857142857142858,0,0,2,0.03571428571428571,1,0.017857142857142856,0,0,0,NA,2,1,TRUE,FALSE
Costa Rica,COS,80,8,1766,42,0.02378255945639864,7,0.16666666666666666,821,0.46489241223103056,530,0.3001132502831257,2,0.0037735849056603774,0,0,821,0.8943396226415095,FALSE,FALSE
C. American Pacific Is.,CPI,80,8,6,2,0.3333333333333333,0,0,2,0.3333333333333333,3,0.5,2,0.6666666666666666,0,0,2,0.6666666666666666,TRUE,FALSE
Cape Provinces,CPP,27,2,362,11,0.03038674033149171,3,0.2727272727272727,142,0.39226519337016574,188,0.5193370165745856,2,0.010638297872340425,1,0.5,142,0.6808510638297872,FALSE,FALSE
Caprivi Strip,CPV,27,2,4,0,0,0,NA,0,0,NA,0,0,NA,0,NA,0,NA,FALSE,FALSE
Caroline Is.,CRL,62,6,122,12,0.09836065573770492,2,0.16666666666666666,76,0.6229508196721312,71,0.5819672131147541,3,0.04225352112676056,1,0.3333333333333333,76,0.9577464788732394,TRUE,FALSE
Crozet Is.,CRZ,90,9,0,0,NA,0,NA,0,NA,NA,NA,0,NA,0,NA,0,NA,TRUE,TRUE
Chita,CTA,30,3,24,4,0.16666666666666666,0,0,0,0,NA,0,0,NA,0,NA,0,NA,FALSE,FALSE
Chatham Is.,CTM,51,5,23,2,0.08695652173913043,0,0,1,0.043478260869565216,1,0.043478260869565216,0,0,0,NA,1,1,TRUE,FALSE
Cuba,CUB,81,8,343,22,0.0641399416909621,5,0.22727272727272727,147,0.42857142857142855,103,0.30029154518950435,1,0.009708737864077669,0,0,147,0.9223300970873787,FALSE,FALSE
Cape Verde,CVI,21,2,3,1,0.3333333333333333,1,1,1,0.3333333333333333,1,0.3333333333333333,1,1,1,1,1,1,TRUE,FALSE
Cyprus,CYP,34,3,43,6,0.13953488372093023,2,0.3333333333333333,3,0.06976744186046512,NA,0,0,NA,0,NA,3,NA,TRUE,FALSE
Czechoslovakia,CZE,11,1,61,17,0.2786885245901639,1,0.058823529411764705,1,0.01639344262295082,NA,0,0,NA,0,NA,1,NA,FALSE,FALSE
Delaware,DEL,78,7,37,8,0.21621621621621623,1,0.125,1,0.02702702702702703,NA,0,0,NA,0,NA,1,NA,TRUE,FALSE
Denmark,DEN,10,1,38,10,0.2631578947368421,0,0,0,0,NA,0,0,NA,0,NA,0,NA,FALSE,FALSE
Djibouti,DJI,24,2,2,0,0,0,NA,0,0,NA,0,0,NA,0,NA,0,NA,FALSE,FALSE
Dominican Republic,DOM,81,8,301,11,0.036544850498338874,3,0.2727272727272727,138,0.4584717607973422,83,0.2757475083056478,0,0,0,NA,138,1,FALSE,FALSE
Desventurados Is.,DSV,85,8,0,0,NA,0,NA,0,NA,NA,NA,0,NA,0,NA,0,NA,TRUE,TRUE
East Aegean Is.,EAI,34,3,62,7,0.11290322580645161,3,0.42857142857142855,4,0.06451612903225806,NA,0,0,NA,0,NA,4,NA,TRUE,FALSE
Easter Is.,EAS,61,6,0,0,NA,0,NA,0,NA,NA,NA,0,NA,0,NA,0,NA,TRUE,TRUE
Ecuador,ECU,83,8,4359,69,0.015829318651066758,15,0.21739130434782608,2692,0.6175728378068365,2331,0.534755677907777,6,0.002574002574002574,5,0.8333333333333334,2692,0.9253539253539254,FALSE,FALSE
Egypt,EGY,20,2,0,0,NA,0,NA,0,NA,NA,NA,0,NA,0,NA,0,NA,FALSE,TRUE
East Himalaya,EHM,40,4,821,74,0.09013398294762484,43,0.581081081081081,168,0.2046285018270402,86,0.10475030450669914,35,0.4069767441860465,24,0.6857142857142857,168,0.6511627906976745,FALSE,FALSE
El Salvador,ELS,80,8,386,12,0.031088082901554404,2,0.16666666666666666,42,0.10880829015544041,5,0.012953367875647668,0,0,0,NA,42,1,FALSE,FALSE
Equatorial Guinea,EQG,23,2,144,30,0.20833333333333334,13,0.43333333333333335,27,0.1875,2,0.013888888888888888,1,0.5,0,0,27,1,FALSE,FALSE
Eritrea,ERI,24,2,33,1,0.030303030303030304,0,0,0,0,NA,0,0,NA,0,NA,0,NA,FALSE,FALSE
Ethiopia,ETH,24,2,190,16,0.08421052631578947,11,0.6875,39,0.20526315789473684,27,0.14210526315789473,10,0.37037037037037035,10,1,39,0.9629629629629629,FALSE,FALSE
Falkland Is.,FAL,90,9,4,0,0,0,NA,0,0,NA,0,0,NA,0,NA,0,NA,FALSE,FALSE
Fiji,FIJ,60,6,181,13,0.0718232044198895,0,0,37,0.20441988950276244,49,0.27071823204419887,3,0.061224489795918366,0,0,37,0.6938775510204082,FALSE,FALSE
Finland,FIN,10,1,31,8,0.25806451612903225,0,0,0,0,NA,0,0,NA,0,NA,0,NA,FALSE,FALSE
Florida,FLA,78,7,117,20,0.17094017094017094,8,0.4,15,0.1282051282051282,7,0.05982905982905983,2,0.2857142857142857,2,1,15,1,FALSE,FALSE
Føroyar,FOR,10,1,9,2,0.2222222222222222,0,0,0,0,NA,0,0,NA,0,NA,0,NA,TRUE,FALSE
France,FRA,12,1,93,20,0.21505376344086022,0,0,5,0.053763440860215055,1,0.010752688172043012,0,0,0,NA,5,1,FALSE,FALSE
French Guiana,FRG,82,8,483,23,0.047619047619047616,4,0.17391304347826086,53,0.10973084886128365,52,0.10766045548654245,0,0,0,NA,53,0.75,FALSE,FALSE
Gabon,GAB,23,2,283,57,0.20141342756183744,31,0.543859649122807,67,0.23674911660777384,18,0.0636042402826855,7,0.3888888888888889,6,0.8571428571428571,67,0.8888888888888888,FALSE,FALSE
Galápagos,GAL,83,8,16,2,0.125,1,0.5,6,0.375,5,0.3125,1,0.2,1,1,6,0.8,TRUE,FALSE
"Gambia, The",GAM,22,2,7,0,0,0,NA,0,0,NA,0,0,NA,0,NA,0,NA,FALSE,FALSE
Georgia,GEO,78,7,56,13,0.23214285714285715,4,0.3076923076923077,4,0.07142857142857142,NA,0,0,NA,0,NA,4,NA,FALSE,FALSE
Germany,GER,11,1,71,18,0.2535211267605634,2,0.1111111111111111,3,0.04225352112676056,NA,0,0,NA,0,NA,3,NA,FALSE,FALSE
Gulf of Guinea Is.,GGI,23,2,212,59,0.2783018867924528,40,0.6779661016949152,63,0.2971698113207547,38,0.1792452830188679,25,0.6578947368421053,25,1,63,0.868421052631579,TRUE,FALSE
Ghana,GHA,22,2,174,12,0.06896551724137931,2,0.16666666666666666,8,0.04597701149425287,1,0.005747126436781609,0,0,0,NA,8,1,FALSE,FALSE
Gilbert Is.,GIL,60,6,0,0,NA,0,NA,0,NA,NA,NA,0,NA,0,NA,0,NA,TRUE,TRUE
Guinea-Bissau,GNB,22,2,34,3,0.08823529411764706,1,0.3333333333333333,1,0.029411764705882353,NA,0,0,NA,0,NA,1,NA,FALSE,FALSE
Greenland,GNL,70,7,6,2,0.3333333333333333,0,0,0,0,NA,0,0,NA,0,NA,0,NA,FALSE,FALSE
Great Britain,GRB,10,1,53,12,0.22641509433962265,0,0,1,0.018867924528301886,NA,0,0,NA,0,NA,1,NA,FALSE,FALSE
Greece,GRC,13,1,91,21,0.23076923076923078,4,0.19047619047619047,5,0.054945054945054944,NA,0,0,NA,0,NA,5,NA,FALSE,FALSE
Gulf States,GST,35,3,1,1,1,0,0,0,0,NA,0,0,NA,0,NA,0,NA,FALSE,FALSE
Guatemala,GUA,80,8,966,33,0.034161490683229816,9,0.2727272727272727,299,0.30952380952380953,200,0.2070393374741201,2,0.01,1,0.5,299,0.855,FALSE,FALSE
Guinea,GUI,22,2,204,15,0.07352941176470588,4,0.26666666666666666,21,0.10294117647058823,3,0.014705882352941176,0,0,0,NA,21,1,FALSE,FALSE
Guyana,GUY,82,8,594,25,0.04208754208754209,6,0.24,38,0.06397306397306397,29,0.04882154882154882,0,0,0,NA,38,0.6206896551724138,FALSE,FALSE
Haiti,HAI,81,8,202,9,0.04455445544554455,2,0.2222222222222222,87,0.4306930693069307,50,0.24752475247524752,1,0.02,1,1,87,1,FALSE,FALSE
Hawaii,HAW,63,6,21,7,0.3333333333333333,3,0.42857142857142855,5,0.23809523809523808,3,0.14285714285714285,2,0.6666666666666666,2,1,5,1,FALSE,FALSE
Howland-Baker Is.,HBI,60,6,0,0,NA,0,NA,0,NA,NA,NA,0,NA,0,NA,0,NA,TRUE,TRUE
Heard-McDonald Is.,HMD,90,9,0,0,NA,0,NA,0,NA,NA,NA,0,NA,0,NA,0,NA,TRUE,TRUE
Honduras,HON,80,8,626,30,0.04792332268370607,7,0.23333333333333334,67,0.10702875399361023,8,0.012779552715654952,0,0,0,NA,67,1,FALSE,FALSE
Hungary,HUN,11,1,54,12,0.2222222222222222,0,0,0,0,NA,0,0,NA,0,NA,0,NA,FALSE,FALSE
Iceland,ICE,10,1,7,2,0.2857142857142857,0,0,0,0,NA,0,0,NA,0,NA,0,NA,FALSE,FALSE
Idaho,IDA,73,7,29,7,0.2413793103448276,2,0.2857142857142857,2,0.06896551724137931,NA,0,0,NA,0,NA,2,NA,FALSE,FALSE
Illinois,ILL,74,7,48,12,0.25,2,0.16666666666666666,2,0.041666666666666664,NA,0,0,NA,0,NA,2,NA,FALSE,FALSE
India,IND,40,4,431,17,0.03944315545243619,7,0.4117647058823529,147,0.34106728538283065,150,0.3480278422273782,6,0.04,3,0.5,147,0.8466666666666667,FALSE,FALSE
Indiana,INI,75,7,45,10,0.2222222222222222,1,0.1,1,0.022222222222222223,NA,0,0,NA,0,NA,1,NA,FALSE,FALSE
Iowa,IOW,74,7,28,8,0.2857142857142857,2,0.25,2,0.07142857142857142,NA,0,0,NA,0,NA,2,NA,FALSE,FALSE
Ireland,IRE,10,1,30,9,0.3,0,0,1,0.03333333333333333,NA,0,0,NA,0,NA,1,NA,FALSE,FALSE
Irkutsk,IRK,30,3,28,6,0.21428571428571427,0,0,0,0,NA,0,0,NA,0,NA,0,NA,FALSE,FALSE
Iran,IRN,34,3,53,8,0.1509433962264151,1,0.125,4,0.07547169811320754,1,0.018867924528301886,0,0,0,NA,4,1,FALSE,FALSE
Iraq,IRQ,34,3,30,2,0.06666666666666667,0,0,0,0,NA,0,0,NA,0,NA,0,NA,FALSE,FALSE
Italy,ITA,13,1,122,28,0.22950819672131148,6,0.21428571428571427,19,0.1557377049180328,16,0.13114754098360656,2,0.125,2,1,19,0.625,FALSE,FALSE
Ivory Coast,IVO,22,2,239,15,0.06276150627615062,5,0.3333333333333333,21,0.08786610878661087,1,0.0041841004184100415,0,0,0,NA,21,1,FALSE,FALSE
Jamaica,JAM,81,8,230,10,0.043478260869565216,3,0.3,66,0.28695652173913044,56,0.24347826086956523,1,0.017857142857142856,1,1,66,0.9285714285714286,FALSE,FALSE
Japan,JAP,38,3,227,19,0.08370044052863436,4,0.21052631578947367,67,0.29515418502202645,30,0.13215859030837004,0,0,0,NA,67,0.9,FALSE,FALSE
Jawa,JAW,42,4,780,33,0.04230769230769231,10,0.30303030303030304,183,0.23461538461538461,172,0.2205128205128205,5,0.029069767441860465,5,1,183,0.9186046511627907,FALSE,FALSE
Juan Fernández Is.,JNF,85,8,1,0,0,0,NA,1,1,1,1,0,0,0,NA,1,1,TRUE,FALSE
Kamchatka,KAM,31,3,21,7,0.3333333333333333,0,0,0,0,NA,0,0,NA,0,NA,0,NA,FALSE,FALSE
Kansas,KAN,74,7,19,2,0.10526315789473684,1,0.5,1,0.05263157894736842,NA,0,0,NA,0,NA,1,NA,FALSE,FALSE
Kazakhstan,KAZ,32,3,24,3,0.125,0,0,1,0.041666666666666664,NA,0,0,NA,0,NA,1,NA,FALSE,FALSE
Kerguelen,KEG,90,9,0,0,NA,0,NA,0,NA,NA,NA,0,NA,0,NA,0,NA,TRUE,TRUE
Kenya,KEN,25,2,287,31,0.10801393728222997,20,0.6451612903225806,58,0.20209059233449478,13,0.04529616724738676,2,0.15384615384615385,2,1,58,1,FALSE,FALSE
Kermadec Is.,KER,51,5,4,0,0,0,NA,0,0,NA,0,0,NA,0,NA,0,NA,TRUE,FALSE
Kirgizistan,KGZ,32,3,14,1,0.07142857142857142,0,0,0,0,NA,0,0,NA,0,NA,0,NA,FALSE,FALSE
Khabarovsk,KHA,31,3,41,9,0.21951219512195122,1,0.1111111111111111,1,0.024390243902439025,NA,0,0,NA,0,NA,1,NA,FALSE,FALSE
Korea,KOR,38,3,114,7,0.06140350877192982,2,0.2857142857142857,22,0.19298245614035087,5,0.043859649122807015,0,0,0,NA,22,1,FALSE,FALSE
Krasnoyarsk,KRA,30,3,32,6,0.1875,0,0,1,0.03125,3,0.09375,0,0,0,NA,1,0.3333333333333333,FALSE,FALSE
Kriti,KRI,13,1,52,9,0.17307692307692307,5,0.5555555555555556,6,0.11538461538461539,2,0.038461538461538464,2,1,2,1,6,1,TRUE,FALSE
Krym,KRY,14,1,45,7,0.15555555555555556,1,0.14285714285714285,2,0.044444444444444446,NA,0,0,NA,0,NA,2,NA,FALSE,FALSE
Kentucky,KTY,78,7,42,9,0.21428571428571427,2,0.2222222222222222,2,0.047619047619047616,NA,0,0,NA,0,NA,2,NA,FALSE,FALSE
Kuril Is.,KUR,31,3,40,7,0.175,1,0.14285714285714285,3,0.075,NA,0,0,NA,0,NA,3,NA,FALSE,FALSE
Kuwait,KUW,35,3,0,0,NA,0,NA,0,NA,NA,NA,0,NA,0,NA,0,NA,FALSE,TRUE
Kazan-retto,KZN,38,3,6,0,0,0,NA,0,0,NA,0,0,NA,0,NA,0,NA,TRUE,FALSE
Labrador,LAB,72,7,16,6,0.375,0,0,0,0,NA,0,0,NA,0,NA,0,NA,FALSE,FALSE
Laos,LAO,41,4,597,24,0.04020100502512563,12,0.5,116,0.19430485762144054,28,0.04690117252931323,0,0,0,NA,116,0.7142857142857143,FALSE,FALSE
Liberia,LBR,22,2,215,14,0.06511627906976744,3,0.21428571428571427,19,0.08837209302325581,2,0.009302325581395349,0,0,0,NA,19,1,FALSE,FALSE
Lebanon-Syria,LBS,34,3,47,3,0.06382978723404255,1,0.3333333333333333,2,0.0425531914893617,1,0.02127659574468085,0,0,0,NA,2,1,FALSE,FALSE
Libya,LBY,20,2,16,1,0.0625,0,0,1,0.0625,1,0.0625,1,1,0,0,1,1,FALSE,FALSE
Laccadive Is.,LDV,40,4,0,0,NA,0,NA,0,NA,NA,NA,0,NA,0,NA,0,NA,TRUE,TRUE
Leeward Is. AB Ant,LEE,81,8,124,10,0.08064516129032258,2,0.2,22,0.1774193548387097,7,0.056451612903225805,1,0.14285714285714285,1,1,22,1,TRUE,FALSE
Lesotho,LES,27,2,62,3,0.04838709677419355,0,0,1,0.016129032258064516,NA,0,0,NA,0,NA,1,NA,FALSE,FALSE
Line Is.,LIN,61,6,0,0,NA,0,NA,0,NA,NA,NA,0,NA,0,NA,0,NA,TRUE,TRUE
Louisiana,LOU,78,7,45,11,0.24444444444444444,2,0.18181818181818182,2,0.044444444444444446,NA,0,0,NA,0,NA,2,NA,FALSE,FALSE
Lesser Sunda Is.,LSI,42,4,296,27,0.09121621621621621,7,0.25925925925925924,55,0.1858108108108108,53,0.17905405405405406,11,0.20754716981132076,4,0.36363636363636365,55,0.9056603773584906,FALSE,FALSE
Magadan,MAG,31,3,7,4,0.5714285714285714,0,0,0,0,NA,0,0,NA,0,NA,0,NA,FALSE,FALSE
Maine,MAI,75,7,49,15,0.30612244897959184,1,0.06666666666666667,1,0.02040816326530612,NA,0,0,NA,0,NA,1,NA,FALSE,FALSE
Manitoba,MAN,71,7,35,14,0.4,3,0.21428571428571427,3,0.08571428571428572,NA,0,0,NA,0,NA,3,NA,FALSE,FALSE
Macquarie Is.,MAQ,90,9,2,1,0.5,1,1,1,0.5,1,0.5,1,1,1,1,1,1,TRUE,FALSE
Massachusetts,MAS,75,7,50,14,0.28,2,0.14285714285714285,2,0.04,NA,0,0,NA,0,NA,2,NA,FALSE,FALSE
Mauritius,MAU,29,2,102,5,0.049019607843137254,4,0.8,27,0.2647058823529412,8,0.0784313725490196,0,0,0,NA,27,0.75,TRUE,FALSE
Mozambique Channel Is.,MCI,29,2,1,0,0,0,NA,0,0,NA,0,0,NA,0,NA,0,NA,TRUE,FALSE
Marcus I.,MCS,62,6,0,0,NA,0,NA,0,NA,NA,NA,0,NA,0,NA,0,NA,TRUE,TRUE
Madagascar,MDG,29,2,924,227,0.24567099567099568,189,0.8325991189427313,738,0.7987012987012987,763,0.8257575757575758,213,0.27916120576671033,183,0.8591549295774648,738,0.908256880733945,FALSE,FALSE
Madeira,MDR,21,2,5,2,0.4,1,0.5,2,0.4,2,0.4,2,1,1,0.5,2,1,TRUE,FALSE
Maldives,MDV,40,4,1,0,0,0,NA,0,0,NA,0,0,NA,0,NA,0,NA,TRUE,FALSE
Michigan,MIC,75,7,56,16,0.2857142857142857,2,0.125,2,0.03571428571428571,NA,0,0,NA,0,NA,2,NA,FALSE,FALSE
Minnesota,MIN,74,7,48,16,0.3333333333333333,2,0.125,2,0.041666666666666664,NA,0,0,NA,0,NA,2,NA,FALSE,FALSE
Mali,MLI,22,2,17,1,0.058823529411764705,0,0,0,0,NA,0,0,NA,0,NA,0,NA,FALSE,FALSE
Malawi,MLW,26,2,404,40,0.09900990099009901,8,0.2,75,0.18564356435643564,19,0.04702970297029703,3,0.15789473684210525,0,0,75,0.9473684210526315,FALSE,FALSE
Malaya,MLY,42,4,1001,39,0.03896103896103896,12,0.3076923076923077,187,0.18681318681318682,168,0.16783216783216784,4,0.023809523809523808,3,0.75,187,0.6845238095238095,FALSE,FALSE
Montana,MNT,73,7,32,10,0.3125,3,0.3,3,0.09375,NA,0,0,NA,0,NA,3,NA,FALSE,FALSE
Maluku,MOL,42,4,432,50,0.11574074074074074,8,0.16,41,0.09490740740740741,158,0.36574074074074076,14,0.08860759493670886,3,0.21428571428571427,41,0.189873417721519,FALSE,FALSE
Mongolia,MON,37,3,25,5,0.2,1,0.2,1,0.04,NA,0,0,NA,0,NA,1,NA,FALSE,FALSE
Morocco,MOR,20,2,44,5,0.11363636363636363,0,0,0,0,NA,0,0,NA,0,NA,0,NA,FALSE,FALSE
Mozambique,MOZ,26,2,194,21,0.10824742268041238,8,0.38095238095238093,22,0.1134020618556701,7,0.03608247422680412,4,0.5714285714285714,3,0.75,22,1,FALSE,FALSE
Marion-Prince Edward Is.,MPE,90,9,0,0,NA,0,NA,0,NA,NA,NA,0,NA,0,NA,0,NA,TRUE,TRUE
Marianas,MRN,62,6,38,1,0.02631578947368421,1,1,16,0.42105263157894735,9,0.23684210526315788,0,0,0,NA,16,0.8888888888888888,TRUE,FALSE
Marquesas,MRQ,61,6,6,4,0.6666666666666666,3,0.75,3,0.5,NA,0,0,NA,0,NA,3,NA,TRUE,FALSE
Marshall Is.,MRS,62,6,0,0,NA,0,NA,0,NA,NA,NA,0,NA,0,NA,0,NA,TRUE,TRUE
Maryland,MRY,78,7,55,12,0.21818181818181817,2,0.16666666666666666,3,0.05454545454545454,NA,0,0,NA,0,NA,3,NA,FALSE,FALSE
Mississippi,MSI,78,7,48,11,0.22916666666666666,2,0.18181818181818182,2,0.041666666666666664,NA,0,0,NA,0,NA,2,NA,FALSE,FALSE
Missouri,MSO,74,7,37,8,0.21621621621621623,3,0.375,3,0.08108108108108109,NA,0,0,NA,0,NA,3,NA,FALSE,FALSE
Mauritania,MTN,22,2,0,0,NA,0,NA,0,NA,NA,NA,0,NA,0,NA,0,NA,FALSE,TRUE
Mexico Central,MXC,79,7,366,11,0.030054644808743168,3,0.2727272727272727,85,0.23224043715846995,12,0.03278688524590164,1,0.08333333333333333,0,0,85,1,FALSE,FALSE
Mexico Northeast,MXE,79,7,256,9,0.03515625,3,0.3333333333333333,54,0.2109375,26,0.1015625,0,0,0,NA,54,0.9230769230769231,FALSE,FALSE
Mexico Gulf,MXG,79,7,389,16,0.04113110539845758,5,0.3125,59,0.15167095115681234,12,0.030848329048843187,0,0,0,NA,59,1,FALSE,FALSE
Mexican Pacific Is.,MXI,79,7,4,0,0,0,NA,0,0,1,0.25,0,0,0,NA,0,0,TRUE,FALSE
Mexico Northwest,MXN,79,7,104,5,0.04807692307692308,2,0.4,18,0.17307692307692307,3,0.028846153846153848,0,0,0,NA,18,0.6666666666666666,FALSE,FALSE
Mexico Southwest,MXS,79,7,975,28,0.028717948717948718,7,0.25,431,0.442051282051282,276,0.28307692307692306,3,0.010869565217391304,1,0.3333333333333333,431,0.9565217391304348,FALSE,FALSE
Mexico Southeast,MXT,79,7,707,31,0.04384724186704385,11,0.3548387096774194,164,0.23196605374823195,36,0.05091937765205092,0,0,0,NA,164,0.9166666666666666,FALSE,FALSE
Myanmar,MYA,41,4,1084,53,0.048892988929889296,26,0.49056603773584906,255,0.235239852398524,83,0.07656826568265683,0,0,0,NA,255,0.8072289156626506,FALSE,FALSE
Namibia,NAM,27,2,17,5,0.29411764705882354,2,0.4,2,0.11764705882352941,NA,0,0,NA,0,NA,2,NA,FALSE,FALSE
KwaZulu-Natal,NAT,27,2,236,10,0.0423728813559322,3,0.3,30,0.1271186440677966,11,0.046610169491525424,0,0,0,NA,30,0.8181818181818182,FALSE,FALSE
New Brunswick,NBR,72,7,42,11,0.2619047619047619,0,0,0,0,NA,0,0,NA,0,NA,0,NA,FALSE,FALSE
North Carolina,NCA,78,7,63,15,0.23809523809523808,3,0.2,4,0.06349206349206349,NA,0,0,NA,0,NA,4,NA,FALSE,FALSE
Nicobar Is.,NCB,41,4,72,6,0.08333333333333333,1,0.16666666666666666,9,0.125,6,0.08333333333333333,0,0,0,NA,9,1,TRUE,FALSE
North Caucasus,NCS,33,3,62,9,0.14516129032258066,1,0.1111111111111111,5,0.08064516129032258,1,0.016129032258064516,0,0,0,NA,5,1,FALSE,FALSE
North Dakota,NDA,74,7,11,6,0.5454545454545454,2,0.3333333333333333,2,0.18181818181818182,NA,0,0,NA,0,NA,2,NA,FALSE,FALSE
Nebraska,NEB,74,7,19,6,0.3157894736842105,2,0.3333333333333333,2,0.10526315789473684,NA,0,0,NA,0,NA,2,NA,FALSE,FALSE
Nepal,NEP,40,4,498,21,0.04216867469879518,10,0.47619047619047616,58,0.11646586345381527,19,0.03815261044176707,0,0,0,NA,58,0.9473684210526315,FALSE,FALSE
Netherlands,NET,11,1,47,8,0.1702127659574468,0,0,0,0,1,0.02127659574468085,0,0,0,NA,0,0,FALSE,FALSE
Nevada,NEV,76,7,12,4,0.3333333333333333,0,0,1,0.08333333333333333,1,0.08333333333333333,1,1,0,0,1,1,FALSE,FALSE
Norfolk Is.,NFK,50,5,19,0,0,0,NA,3,0.15789473684210525,5,0.2631578947368421,0,0,0,NA,3,0.6,TRUE,FALSE
Newfoundland,NFL,72,7,38,11,0.2894736842105263,0,0,0,0,NA,0,0,NA,0,NA,0,NA,FALSE,FALSE
Nigeria,NGA,22,2,297,40,0.13468013468013468,22,0.55,40,0.13468013468013468,8,0.026936026936026935,7,0.875,7,1,40,1,FALSE,FALSE
Niger,NGR,22,2,3,0,0,0,NA,0,0,NA,0,0,NA,0,NA,0,NA,FALSE,FALSE
Nicaragua,NIC,80,8,530,26,0.04905660377358491,5,0.19230769230769232,61,0.11509433962264151,11,0.020754716981132074,1,0.09090909090909091,0,0,61,1,FALSE,FALSE
Netherlands Antilles,NLA,81,8,5,1,0.2,0,0,0,0,NA,0,0,NA,0,NA,0,NA,TRUE,FALSE
Nansei-shoto,NNS,38,3,151,7,0.046357615894039736,2,0.2857142857142857,38,0.25165562913907286,8,0.052980132450331126,0,0,0,NA,38,0.875,TRUE,FALSE
Norway,NOR,10,1,34,9,0.2647058823529412,0,0,0,0,NA,0,0,NA,0,NA,0,NA,FALSE,FALSE
Nauru,NRU,60,6,1,0,0,0,NA,0,0,NA,0,0,NA,0,NA,0,NA,TRUE,FALSE
Nova Scotia,NSC,72,7,42,14,0.3333333333333333,1,0.07142857142857142,1,0.023809523809523808,NA,0,0,NA,0,NA,1,NA,FALSE,FALSE
New South Wales,NSW,50,5,485,25,0.05154639175257732,13,0.52,198,0.40824742268041236,191,0.3938144329896907,12,0.06282722513089005,11,0.9166666666666666,198,0.8586387434554974,FALSE,FALSE
Northern Territory,NTA,50,5,36,2,0.05555555555555555,0,0,2,0.05555555555555555,8,0.2222222222222222,0,0,0,NA,2,0.25,FALSE,FALSE
Niue,NUE,60,6,22,1,0.045454545454545456,1,1,4,0.18181818181818182,1,0.045454545454545456,0,0,0,NA,4,1,TRUE,FALSE
Nunavut,NUN,70,7,11,4,0.36363636363636365,1,0.25,1,0.09090909090909091,NA,0,0,NA,0,NA,1,NA,FALSE,FALSE
New Caledonia,NWC,60,6,232,108,0.46551724137931033,20,0.18518518518518517,40,0.1724137931034483,115,0.4956896551724138,89,0.7739130434782608,19,0.21348314606741572,40,0.3217391304347826,FALSE,FALSE
New Guinea,NWG,43,4,2838,311,0.10958421423537702,32,0.10289389067524116,77,0.027131782945736434,2351,0.828400281888654,230,0.09783071033602722,27,0.11739130434782609,77,0.029774564015312633,FALSE,FALSE
New Hampshire,NWH,75,7,48,14,0.2916666666666667,1,0.07142857142857142,1,0.020833333333333332,NA,0,0,NA,0,NA,1,NA,FALSE,FALSE
New Jersey,NWJ,75,7,56,14,0.25,3,0.21428571428571427,3,0.05357142857142857,NA,0,0,NA,0,NA,3,NA,FALSE,FALSE
New Mexico,NWM,77,7,34,6,0.17647058823529413,1,0.16666666666666666,1,0.029411764705882353,NA,0,0,NA,0,NA,1,NA,FALSE,FALSE
Northwest Territories,NWT,70,7,19,7,0.3684210526315789,1,0.14285714285714285,1,0.05263157894736842,NA,0,0,NA,0,NA,1,NA,FALSE,FALSE
New York,NWY,75,7,63,18,0.2857142857142857,3,0.16666666666666666,4,0.06349206349206349,1,0.015873015873015872,0,0,0,NA,4,1,FALSE,FALSE
New Zealand North,NZN,51,5,115,3,0.02608695652173913,0,0,28,0.24347826086956523,23,0.2,1,0.043478260869565216,0,0,28,0.5217391304347826,FALSE,FALSE
New Zealand South,NZS,51,5,78,2,0.02564102564102564,0,0,22,0.28205128205128205,7,0.08974358974358974,0,0,0,NA,22,0.8571428571428571,FALSE,FALSE
Free State,OFS,27,2,73,2,0.0273972602739726,0,0,1,0.0136986301369863,NA,0,0,NA,0,NA,1,NA,FALSE,FALSE
Ogasawara-shoto,OGA,38,3,17,1,0.058823529411764705,1,1,8,0.47058823529411764,8,0.47058823529411764,1,0.125,1,1,8,0.875,TRUE,FALSE
Ohio,OHI,75,7,49,14,0.2857142857142857,3,0.21428571428571427,3,0.061224489795918366,NA,0,0,NA,0,NA,3,NA,FALSE,FALSE
Oklahoma,OKL,74,7,34,8,0.23529411764705882,2,0.25,3,0.08823529411764706,NA,0,0,NA,0,NA,3,NA,FALSE,FALSE
Oman,OMA,35,3,9,2,0.2222222222222222,0,0,0,0,NA,0,0,NA,0,NA,0,NA,FALSE,FALSE
Ontario,ONT,72,7,63,18,0.2857142857142857,3,0.16666666666666666,3,0.047619047619047616,NA,0,0,NA,0,NA,3,NA,FALSE,FALSE
Oregon,ORE,73,7,30,8,0.26666666666666666,3,0.375,3,0.1,NA,0,0,NA,0,NA,3,NA,FALSE,FALSE
Pakistan,PAK,40,4,46,6,0.13043478260869565,4,0.6666666666666666,6,0.13043478260869565,NA,0,0,NA,0,NA,6,NA,FALSE,FALSE
Palestine,PAL,34,3,32,3,0.09375,0,0,1,0.03125,2,0.0625,1,0.5,0,0,1,0.5,FALSE,FALSE
Panama,PAN,80,8,1435,38,0.0264808362369338,9,0.23684210526315788,617,0.4299651567944251,308,0.2146341463414634,1,0.003246753246753247,1,1,617,0.961038961038961,FALSE,FALSE
Paraguay,PAR,85,8,221,9,0.04072398190045249,1,0.1111111111111111,28,0.12669683257918551,18,0.08144796380090498,0,0,0,NA,28,1,FALSE,FALSE
Prince Edward I.,PEI,72,7,33,11,0.3333333333333333,0,0,0,0,NA,0,0,NA,0,NA,0,NA,TRUE,FALSE
Pennsylvania,PEN,75,7,57,14,0.24561403508771928,3,0.21428571428571427,4,0.07017543859649122,NA,0,0,NA,0,NA,4,NA,FALSE,FALSE
Peru,PER,83,8,2553,56,0.021934978456717588,9,0.16071428571428573,1225,0.47982765374069725,1127,0.44144144144144143,7,0.006211180124223602,4,0.5714285714285714,1225,0.8731144631765749,FALSE,FALSE
Philippines,PHI,42,4,1212,56,0.0462046204620462,30,0.5357142857142857,716,0.5907590759075908,818,0.6749174917491749,36,0.044009779951100246,26,0.7222222222222222,716,0.8484107579462102,FALSE,FALSE
Phoenix Is.,PHX,60,6,0,0,NA,0,NA,0,NA,NA,NA,0,NA,0,NA,0,NA,TRUE,TRUE
Pitcairn Is.,PIT,61,6,1,0,0,0,NA,0,0,NA,0,0,NA,0,NA,0,NA,TRUE,FALSE
Poland,POL,11,1,49,13,0.2653061224489796,1,0.07692307692307693,1,0.02040816326530612,NA,0,0,NA,0,NA,1,NA,FALSE,FALSE
Portugal,POR,12,1,47,4,0.0851063829787234,0,0,2,0.0425531914893617,NA,0,0,NA,0,NA,2,NA,FALSE,FALSE
Primorye,PRM,31,3,42,9,0.21428571428571427,1,0.1111111111111111,2,0.047619047619047616,1,0.023809523809523808,0,0,0,NA,2,1,FALSE,FALSE
Puerto Rico,PUE,81,8,154,11,0.07142857142857142,1,0.09090909090909091,29,0.18831168831168832,16,0.1038961038961039,0,0,0,NA,29,0.9375,TRUE,FALSE
Queensland,QLD,50,5,433,25,0.057736720554272515,2,0.08,2,0.004618937644341801,167,0.3856812933025404,2,0.011976047904191617,1,0.5,2,0.005988023952095809,FALSE,FALSE
Québec,QUE,72,7,51,14,0.27450980392156865,1,0.07142857142857142,1,0.0196078431372549,NA,0,0,NA,0,NA,1,NA,FALSE,FALSE
Réunion,REU,29,2,181,13,0.0718232044198895,7,0.5384615384615384,82,0.4530386740331492,54,0.2983425414364641,0,0,0,NA,82,0.7592592592592593,TRUE,FALSE
Rhode I.,RHO,75,7,37,11,0.2972972972972973,2,0.18181818181818182,2,0.05405405405405406,NA,0,0,NA,0,NA,2,NA,TRUE,FALSE
Rodrigues,ROD,29,2,8,0,0,0,NA,0,0,NA,0,0,NA,0,NA,0,NA,TRUE,FALSE
Romania,ROM,13,1,66,16,0.24242424242424243,1,0.0625,3,0.045454545454545456,3,0.045454545454545456,0,0,0,NA,3,0.3333333333333333,FALSE,FALSE
Central European Russia,RUC,14,1,36,11,0.3055555555555556,0,0,0,0,NA,0,0,NA,0,NA,0,NA,FALSE,FALSE
East European Russia,RUE,14,1,35,9,0.2571428571428571,0,0,0,0,NA,0,0,NA,0,NA,0,NA,FALSE,FALSE
North European Russia,RUN,14,1,27,9,0.3333333333333333,0,0,0,0,NA,0,0,NA,0,NA,0,NA,FALSE,FALSE
South European Russia,RUS,14,1,29,6,0.20689655172413793,0,0,0,0,NA,0,0,NA,0,NA,0,NA,FALSE,FALSE
Northwest European Russia,RUW,14,1,29,6,0.20689655172413793,0,0,0,0,NA,0,0,NA,0,NA,0,NA,FALSE,FALSE
Rwanda,RWA,23,2,240,74,0.30833333333333335,21,0.28378378378378377,67,0.2791666666666667,23,0.09583333333333334,19,0.8260869565217391,1,0.05263157894736842,67,1,FALSE,FALSE
Sakhalin,SAK,31,3,37,9,0.24324324324324326,1,0.1111111111111111,1,0.02702702702702703,NA,0,0,NA,0,NA,1,NA,FALSE,FALSE
Samoa,SAM,60,6,105,9,0.08571428571428572,1,0.1111111111111111,15,0.14285714285714285,14,0.13333333333333333,3,0.21428571428571427,0,0,15,0.8571428571428571,TRUE,FALSE
Sardegna,SAR,12,1,53,11,0.20754716981132076,1,0.09090909090909091,1,0.018867924528301886,NA,0,0,NA,0,NA,1,NA,FALSE,FALSE
Saskatchewan,SAS,71,7,26,10,0.38461538461538464,2,0.2,2,0.07692307692307693,NA,0,0,NA,0,NA,2,NA,FALSE,FALSE
Saudi Arabia,SAU,35,3,10,4,0.4,0,0,0,0,NA,0,0,NA,0,NA,0,NA,FALSE,FALSE
South Carolina,SCA,78,7,55,12,0.21818181818181817,3,0.25,3,0.05454545454545454,NA,0,0,NA,0,NA,3,NA,FALSE,FALSE
Society Is.,SCI,61,6,34,14,0.4117647058823529,6,0.42857142857142855,14,0.4117647058823529,11,0.3235294117647059,7,0.6363636363636364,3,0.42857142857142855,14,0.9090909090909091,TRUE,FALSE
South China Sea,SCS,41,4,1,0,0,0,NA,0,0,NA,0,0,NA,0,NA,0,NA,TRUE,FALSE
Santa Cruz Is.,SCZ,60,6,38,6,0.15789473684210525,0,0,2,0.05263157894736842,NA,0,0,NA,0,NA,2,NA,TRUE,FALSE
South Dakota,SDA,74,7,22,5,0.22727272727272727,2,0.4,2,0.09090909090909091,NA,0,0,NA,0,NA,2,NA,FALSE,FALSE
Selvagens,SEL,21,2,0,0,NA,0,NA,0,NA,NA,NA,0,NA,0,NA,0,NA,TRUE,TRUE
Senegal,SEN,22,2,43,3,0.06976744186046512,1,0.3333333333333333,2,0.046511627906976744,NA,0,0,NA,0,NA,2,NA,FALSE,FALSE
Seychelles,SEY,29,2,29,5,0.1724137931034483,4,0.8,9,0.3103448275862069,3,0.10344827586206896,3,1,2,0.6666666666666666,9,1,TRUE,FALSE
South Georgia,SGE,90,9,0,0,NA,0,NA,0,NA,NA,NA,0,NA,0,NA,0,NA,TRUE,TRUE
Sicilia,SIC,13,1,56,11,0.19642857142857142,1,0.09090909090909091,4,0.07142857142857142,4,0.07142857142857142,3,0.75,1,0.3333333333333333,4,1,FALSE,FALSE
Sierra Leone,SIE,22,2,166,12,0.07228915662650602,4,0.3333333333333333,17,0.10240963855421686,2,0.012048192771084338,0,0,0,NA,17,1,FALSE,FALSE
Sinai,SIN,34,3,1,1,1,0,0,0,0,NA,0,0,NA,0,NA,0,NA,FALSE,FALSE
South Australia,SOA,50,5,265,9,0.033962264150943396,6,0.6666666666666666,113,0.42641509433962266,102,0.3849056603773585,5,0.049019607843137254,5,1,113,0.8823529411764706,FALSE,FALSE
Socotra,SOC,24,2,4,2,0.5,1,0.5,1,0.25,1,0.25,1,1,1,1,1,1,TRUE,FALSE
Solomon Is.,SOL,43,4,320,50,0.15625,5,0.1,46,0.14375,40,0.125,3,0.075,2,0.6666666666666666,46,0.95,FALSE,FALSE
Somalia,SOM,24,2,11,3,0.2727272727272727,0,0,0,0,NA,0,0,NA,0,NA,0,NA,FALSE,FALSE
Spain,SPA,12,1,84,16,0.19047619047619047,0,0,5,0.05952380952380952,1,0.011904761904761904,0,0,0,NA,5,1,FALSE,FALSE
Sri Lanka,SRL,40,4,209,12,0.05741626794258373,6,0.5,73,0.3492822966507177,64,0.3062200956937799,4,0.0625,4,1,73,0.859375,FALSE,FALSE
South Sandwich Is.,SSA,90,9,0,0,NA,0,NA,0,NA,NA,NA,0,NA,0,NA,0,NA,TRUE,TRUE
St.Helena,STH,28,2,1,1,1,0,0,0,0,NA,0,0,NA,0,NA,0,NA,TRUE,FALSE
Sudan,SUD,24,2,93,7,0.07526881720430108,1,0.14285714285714285,2,0.021505376344086023,NA,0,0,NA,0,NA,2,NA,FALSE,FALSE
Sulawesi,SUL,42,4,698,39,0.055873925501432664,10,0.2564102564102564,372,0.5329512893982808,370,0.5300859598853869,12,0.032432432432432434,5,0.4166666666666667,372,0.9459459459459459,FALSE,FALSE
Sumatera,SUM,42,4,1206,42,0.03482587064676617,15,0.35714285714285715,414,0.34328358208955223,467,0.38723051409618575,13,0.027837259100642397,8,0.6153846153846154,414,0.8244111349036403,FALSE,FALSE
Surinam,SUR,82,8,413,23,0.05569007263922518,4,0.17391304347826086,17,0.04116222760290557,6,0.014527845036319613,0,0,0,NA,17,0.6666666666666666,FALSE,FALSE
Svalbard,SVA,10,1,0,0,NA,0,NA,0,NA,NA,NA,0,NA,0,NA,0,NA,FALSE,TRUE
Southwest Caribbean,SWC,81,8,3,0,0,0,NA,0,0,NA,0,0,NA,0,NA,0,NA,TRUE,FALSE
Sweden,SWE,10,1,42,12,0.2857142857142857,0,0,0,0,NA,0,0,NA,0,NA,0,NA,FALSE,FALSE
Switzerland,SWI,11,1,65,16,0.24615384615384617,1,0.0625,2,0.03076923076923077,1,0.015384615384615385,0,0,0,NA,2,1,FALSE,FALSE
Swaziland,SWZ,27,2,101,9,0.0891089108910891,3,0.3333333333333333,3,0.0297029702970297,1,0.009900990099009901,1,1,1,1,3,1,FALSE,FALSE
Taiwan,TAI,38,3,470,20,0.0425531914893617,12,0.6,192,0.4085106382978723,157,0.33404255319148934,6,0.03821656050955414,6,1,192,0.7707006369426752,FALSE,FALSE
Tanzania,TAN,25,2,585,99,0.16923076923076924,58,0.5858585858585859,180,0.3076923076923077,100,0.17094017094017094,46,0.46,38,0.8260869565217391,180,0.97,FALSE,FALSE
Tasmania,TAS,50,5,206,8,0.038834951456310676,3,0.375,71,0.3446601941747573,63,0.3058252427184466,5,0.07936507936507936,3,0.6,71,0.873015873015873,FALSE,FALSE
Turks-Caicos Is.,TCI,81,8,6,1,0.16666666666666666,1,1,3,0.5,1,0.16666666666666666,1,1,1,1,3,1,TRUE,FALSE
Transcaucasus,TCS,33,3,62,9,0.14516129032258066,1,0.1111111111111111,6,0.0967741935483871,1,0.016129032258064516,0,0,0,NA,6,1,FALSE,FALSE
Tristan da Cunha,TDC,90,9,0,0,NA,0,NA,0,NA,NA,NA,0,NA,0,NA,0,NA,TRUE,TRUE
Tennessee,TEN,78,7,49,9,0.1836734693877551,2,0.2222222222222222,2,0.04081632653061224,NA,0,0,NA,0,NA,2,NA,FALSE,FALSE
Texas,TEX,77,7,53,12,0.22641509433962265,5,0.4166666666666667,7,0.1320754716981132,NA,0,0,NA,0,NA,7,NA,FALSE,FALSE
Thailand,THA,41,4,1351,46,0.034048852701702444,20,0.43478260869565216,363,0.2686898593634345,137,0.10140636565507032,5,0.0364963503649635,4,0.8,363,0.9197080291970803,FALSE,FALSE
Turkmenistan,TKM,32,3,14,4,0.2857142857142857,0,0,2,0.14285714285714285,2,0.14285714285714285,0,0,0,NA,2,1,FALSE,FALSE
Togo,TOG,22,2,86,4,0.046511627906976744,0,0,1,0.011627906976744186,NA,0,0,NA,0,NA,1,NA,FALSE,FALSE
Tokelau-Manihiki,TOK,60,6,0,0,NA,0,NA,0,NA,NA,NA,0,NA,0,NA,0,NA,TRUE,TRUE
Tonga,TON,60,6,50,3,0.06,1,0.3333333333333333,2,0.04,1,0.02,0,0,0,NA,2,1,TRUE,FALSE
Trinidad-Tobago,TRT,81,8,233,21,0.09012875536480687,9,0.42857142857142855,10,0.04291845493562232,5,0.02145922746781116,5,1,5,1,10,1,TRUE,FALSE
Tuamotu,TUA,61,6,5,1,0.2,1,1,1,0.2,NA,0,0,NA,0,NA,1,NA,TRUE,FALSE
Tubuai Is.,TUB,61,6,11,2,0.18181818181818182,0,0,1,0.09090909090909091,NA,0,0,NA,0,NA,1,NA,TRUE,FALSE
Turkey-in-Europe,TUE,13,1,48,5,0.10416666666666667,1,0.2,1,0.020833333333333332,NA,0,0,NA,0,NA,1,NA,FALSE,FALSE
Tunisia,TUN,20,2,40,6,0.15,0,0,0,0,NA,0,0,NA,0,NA,0,NA,FALSE,FALSE
Turkey,TUR,34,3,96,14,0.14583333333333334,2,0.14285714285714285,10,0.10416666666666667,5,0.052083333333333336,0,0,0,NA,10,1,FALSE,FALSE
Tuvalu,TUV,60,6,0,0,NA,0,NA,0,NA,NA,NA,0,NA,0,NA,0,NA,TRUE,TRUE
Tuva,TVA,30,3,18,3,0.16666666666666666,0,0,0,0,NA,0,0,NA,0,NA,0,NA,FALSE,FALSE
Northern Provinces,TVL,27,2,199,12,0.06030150753768844,5,0.4166666666666667,24,0.12060301507537688,15,0.07537688442211055,1,0.06666666666666667,1,1,24,1,FALSE,FALSE
Tadzhikistan,TZK,32,3,15,3,0.2,0,0,1,0.06666666666666667,NA,0,0,NA,0,NA,1,NA,FALSE,FALSE
Uganda,UGA,25,2,311,45,0.14469453376205788,19,0.4222222222222222,47,0.15112540192926044,4,0.012861736334405145,0,0,0,NA,47,1,FALSE,FALSE
Ukraine,UKR,14,1,47,13,0.2765957446808511,0,0,1,0.02127659574468085,NA,0,0,NA,0,NA,1,NA,FALSE,FALSE
Uruguay,URU,85,8,61,4,0.06557377049180328,0,0,13,0.21311475409836064,7,0.11475409836065574,0,0,0,NA,13,0.5714285714285714,FALSE,FALSE
Utah,UTA,76,7,22,7,0.3181818181818182,1,0.14285714285714285,1,0.045454545454545456,NA,0,0,NA,0,NA,1,NA,FALSE,FALSE
Uzbekistan,UZB,32,3,13,3,0.23076923076923078,0,0,1,0.07692307692307693,NA,0,0,NA,0,NA,1,NA,FALSE,FALSE
Vanuatu,VAN,60,6,196,26,0.1326530612244898,0,0,17,0.08673469387755102,16,0.08163265306122448,2,0.125,0,0,17,0.8125,FALSE,FALSE
Venezuela,VEN,82,8,1721,62,0.03602556653108658,9,0.14516129032258066,351,0.20395119116792562,291,0.16908773968622895,2,0.006872852233676976,0,0,351,0.8109965635738832,FALSE,FALSE
Vermont,VER,75,7,53,15,0.2830188679245283,2,0.13333333333333333,2,0.03773584905660377,NA,0,0,NA,0,NA,2,NA,FALSE,FALSE
Victoria,VIC,50,5,346,10,0.028901734104046242,3,0.3,140,0.4046242774566474,87,0.2514450867052023,1,0.011494252873563218,1,1,140,0.9655172413793104,FALSE,FALSE
Vietnam,VIE,41,4,1310,61,0.046564885496183206,32,0.5245901639344263,474,0.3618320610687023,292,0.22290076335877862,7,0.023972602739726026,4,0.5714285714285714,474,0.8116438356164384,FALSE,FALSE
Venezuelan Antilles,VNA,81,8,35,1,0.02857142857142857,0,0,1,0.02857142857142857,1,0.02857142857142857,0,0,0,NA,1,1,TRUE,FALSE
Virginia,VRG,78,7,60,14,0.23333333333333334,4,0.2857142857142857,5,0.08333333333333333,NA,0,0,NA,0,NA,5,NA,FALSE,FALSE
Wake I.,WAK,62,6,0,0,NA,0,NA,0,NA,NA,NA,0,NA,0,NA,0,NA,TRUE,TRUE
Wallis-Futuna Is.,WAL,60,6,37,2,0.05405405405405406,0,0,1,0.02702702702702703,NA,0,0,NA,0,NA,1,NA,TRUE,FALSE
Washington,WAS,73,7,33,9,0.2727272727272727,2,0.2222222222222222,2,0.06060606060606061,NA,0,0,NA,0,NA,2,NA,FALSE,FALSE
Western Australia,WAU,50,5,419,19,0.045346062052505964,8,0.42105263157894735,229,0.5465393794749404,370,0.883054892601432,16,0.043243243243243246,8,0.5,229,0.6189189189189189,FALSE,FALSE
District of Columbia,WDC,78,7,20,5,0.25,0,0,0,0,NA,0,0,NA,0,NA,0,NA,TRUE,FALSE
West Himalaya,WHM,40,4,268,16,0.05970149253731343,9,0.5625,26,0.09701492537313433,9,0.033582089552238806,0,0,0,NA,26,1,FALSE,FALSE
Windward Is.,WIN,81,8,134,9,0.06716417910447761,3,0.3333333333333333,22,0.16417910447761194,8,0.05970149253731343,0,0,0,NA,22,1,TRUE,FALSE
Wisconsin,WIS,74,7,50,14,0.28,1,0.07142857142857142,1,0.02,NA,0,0,NA,0,NA,1,NA,FALSE,FALSE
Western Sahara,WSA,20,2,0,0,NA,0,NA,0,NA,NA,NA,0,NA,0,NA,0,NA,FALSE,TRUE
West Siberia,WSB,30,3,32,7,0.21875,0,0,0,0,NA,0,0,NA,0,NA,0,NA,FALSE,FALSE
West Virginia,WVA,75,7,45,11,0.24444444444444444,3,0.2727272727272727,4,0.08888888888888889,NA,0,0,NA,0,NA,4,NA,FALSE,FALSE
Wyoming,WYO,73,7,26,8,0.3076923076923077,3,0.375,3,0.11538461538461539,NA,0,0,NA,0,NA,3,NA,FALSE,FALSE
Christmas I.,XMS,42,4,11,0,0,0,NA,4,0.36363636363636365,3,0.2727272727272727,0,0,0,NA,4,1,TRUE,FALSE
Yakutskiya,YAK,30,3,27,5,0.18518518518518517,0,0,0,0,NA,0,0,NA,0,NA,0,NA,FALSE,FALSE
Yemen,YEM,35,3,24,3,0.125,0,0,0,0,NA,0,0,NA,0,NA,0,NA,FALSE,FALSE
Yugoslavia,YUG,13,1,92,24,0.2608695652173913,5,0.20833333333333334,6,0.06521739130434782,NA,0,0,NA,0,NA,6,NA,FALSE,FALSE
Yukon,YUK,70,7,19,7,0.3684210526315789,1,0.14285714285714285,1,0.05263157894736842,NA,0,0,NA,0,NA,1,NA,FALSE,FALSE
Zaïre,ZAI,23,2,581,85,0.14629948364888123,34,0.4,148,0.2547332185886403,49,0.08433734939759036,4,0.08163265306122448,2,0.5,148,0.9387755102040817,FALSE,FALSE
Zambia,ZAM,26,2,402,35,0.08706467661691543,7,0.2,77,0.19154228855721392,19,0.0472636815920398,0,0,0,NA,77,1,FALSE,FALSE
Zimbabwe,ZIM,26,2,336,35,0.10416666666666667,8,0.22857142857142856,37,0.11011904761904762,19,0.05654761904761905,6,0.3157894736842105,2,0.3333333333333333,37,0.8421052631578947,FALSE,FALSE
